﻿Designator,Footprint,Quantity,Value,LCSC Part #
"C101, C105, C106",0603,3,10n,
"C102, C116, C117, C119, C120",0603,5,100n,
C107,0402,1,1u,
"C108, C110, C112, C118",0402,4,0.1u,
C109,0402,1,.01u,
C111,0402,1,22u,
C113,CP_Elec_6.3x5.4,1,47u,
C114,0805,1,1u,
C115,0603,1,0.33u,
"D102, D107, D109",0805,3,RED,
"D104, D108, D110",D_SMA,3,D_Schottky,
J1,CONN_SD-105314-100_12_MOL,1,1053141312,
"J3, J4, J5",Molex_Nano-Fit_105313-xx02_1x02_P2.50mm_Horizontal,3,1053131202,
"K3, K5, K6",Relay_SPDT_Fujitsu_FTR-LYCA005x_FormC_Vertical,3,Fujitsu_FTR-LYCA005x,
"Q101, Q102, Q103, Q104, Q110, Q111",SOT-23,6,Q_NPN_BEC,
"Q105, Q106, Q112, Q113, Q114, Q115, Q117, Q118, Q119, Q120, Q121, Q122, Q123, Q124, Q125",SOT-23,15,Q_NMOS_GSD,
"R101, R110, R113, R119, R122, R127",0805,6,100k,
"R105, R114, R121, R123, R136, R138, R139, R140",0805,8,10k,
"R106, R107, R108, R109, R111, R115, R116, R120, R124, R126, R129, R134",0805,12,1k,
"R112, R135",0603,2,510R,
"R117, R128, R137",0805,3,2k,
R130,0603,1,270R,
R131,0603,1,15k,
R132,0603,1,100k,
R133,0805,1,680,
"SW101, SW102, SW103",SW_SPST_Omron_B3FS-100xP,3,SW_Omron_B3FS,
TP1,TestPoint_Pad_D1.5mm,1,TestPoint_BMS,
"TP10, TP12, TP7",TestPoint_Pad_D1.5mm,3,TestPoint_SR_BMS,
TP11,TestPoint_Pad_D1.5mm,1,TestPoint_IMD_Shutdown,
TP2,TestPoint_Pad_D1.5mm,1,TestPoint_IMD,
TP3,TestPoint_Pad_D1.5mm,1,TestPoint_BSPD,
TP4,TestPoint_Pad_D1.5mm,1,TestPoint_BMS_Shutdown,
TP6,TestPoint_Pad_D1.5mm,1,TestPoint_BSPD_Shutdown,
U1,SOIC-16_3.9x9.9mm_P1.27mm,1,74LS279,
"U104, U109, U112, U117",SOT-23-5,4,74AHC1G00,
U118,SOIC-8_3.9x4.9mm_P1.27mm,1,LM555xM,
U2,TO-252-3_TabPin2,1,LM1117DT-5.0,
U3,SOT-223,1,~,
"U7, U8",SOT-23-5,2,SN74AHC1G08DBVR,
