﻿Designator,Footprint,Quantity,Value,LCSC Part #
"C101, C102, C106",0402,3,0.01u, CL05B103KB5NNNC
C105,0402,1,0.33u, CC0402KRX5R6BB334
"C117, C3",0603,2,100n, CL10B104KB8NNNC
"D1, D2",0805,2,LED,NCD0805R1
"D101, D102, D4",D_SMA,3,D_Schottky, SS34
D3,0805,1,LED, KT-0805G
F1,Fuseholder_Blade_Mini_Keystone_3568,1,Fuse,
"J1, J2",Molex_Nano-Fit_105314-xx06_2x03_P2.50mm_Horizontal,2,Molex6pin,1053141106
"K101, K102",Relay_SPDT_Omron_G2RL-1,2,Relay_SPDT_Omron_G2RL-1, G2RL-1-DC12
"Q1, Q2, Q3, Q4",TO-251-3_Vertical,4,NMOS, IPU60R2K1CEAKMA1
"Q103, Q104, Q105, Q106",SOT-23,4,Q_NPN_BEC,S8050 J3Y(RANGE:200-350)
"R1, R10, R105, R106, R2, R8",0805,6,10k,0805W8F1002T5E
"R103, R104, R110, R112",0805,4,100k,0805W8F1003T5E
"R108, R109, R111, R113, R5, R6, R7",0805,7,1k,0805W8F1001T5E
"R11, R12",0805,2,100,
"R3, R4, R9",0805,3,500,ARG05BTC5000
"SW101, SW102",SW_SPST_Omron_B3FS-100xP,2,SW_Omron_B3FS,B3FS-1000P
"U1, U2",DIP-4_W7.62mm,2,SFH617A-1,PC817X2NSZW
U107,TO-220-3_Vertical,1,LM7805_TO220,LM7805L-TF3-T
U5,DIP-16_W7.62mm,1,74LS279,SN74LS279AN
U6,DIP-14_W7.62mm,1,74HC00,SN74HC00N
