﻿Designator,Footprint,Quantity,Value,LCSC Part #
"ACCUM, BSE",SAMMY-4PIN,2,SAMMY-4PIN,
C1,1206,1,1nf,
"C10, C11",1206,2,100uF,
"C14, C15, C16, C17, C18, C19, C20, C21, C22, C23, C24, C25, C26",1206,13,0.1uF,
"C2, C4, C5",1206,3,10uF,
"J3, J5",SAMMY-2PIN,2,SAMMY-2PIN,
Q1,SOT-23,1,NMOS,
R1,1210,1,470k,
"R11, R12, R13, R14, R15, R16, R17, R21, R24",1210,9,100k,
R18,1210,1,4k87,
R2,1210,1,19.1k,
"R20, R23",1210,2,1k,
R22,1210,1,12k,
R3,1206,1,54.9k,
R4,1210,1,39k,
"RV6, RV7",Potentiometer_Bourns_3296W_Vertical,2,10k,
TP10,TestPoint_Pad_D1.5mm,1,TP_GND,
TP8,TestPoint_Pad_D1.5mm,1,TP_ACCUM,
TP9,TestPoint_Pad_D1.5mm,1,TP_BSE,
U1,SOIC-8_3.9x4.9mm_P1.27mm,1,~,
"U10, U12, U4, U5, U6, U9",SOT-23-5,6,LM397,
"U11, U7",SOT-23-5,2,SN74AHC1G08DBVR,
"U17, U18",SOT-23-5,2,SN74AHC1G32DBVR,
U3,TO-252-3_TabPin2,1,LM1117DT-5.0,
U8,SOT-23-5,1,SN74AHC1G00DBVR,
